Artist,Pitch Count
10th-street,5
4-degrees-of-freedom,1
6ix-mhz-25276,2
8-bit-culprit,1
Aardee,1
Abhijeet-Sawant,1
Akira's-Tricolour,1
Antara-,1
Antara-Mitra,1
Anuragi,1
Bhavya-Pandit,1
DJ-Louis,1
DJ-Sonya,1
Daksh,1
Divya-Kumar,1
Dualist-Inquiry,2
Hariharan,1
Harshi-,1
Harshi-Mad,1
Jaspreet-Jasz,1
Jeffrey-Iqbal,1
Kabir-Singh-Bhandari,5
Kailash-Kher,1
Kavita-Krishnamurthy-Subramaniam,1
M-Sonu,1
MADBOYOrOrMINK,2
MOhit-,1
MOhit-Lalwani,1
Mauli-Dave,1
Mohammed-Irfan,1
Mohd-Amir,1
Monali-Thakur,1
Munny-Fame,1
MusiCorp,1
Nakash-,1
Natalie-,1
Natalie-Di-Lucio,1
Neha-Kakkar,1
Panchtarni,1
Prayas,1
Rahul-,1
Rahul-Vaidya,1
Rakesh-Singh,1
Rekha-Bhardwaj,1
Rimi-Nique,1
Rituraj-Mohanty,1
Roop-Kumar-and-Sunali-Rathod,1
Sachin-Jigar,1
Samay,1
Shankar-Mahadevan,1
Shilpi,1
Sona-Mohapatra,1
Sourabhee-Debbarma,1
Ssameer-with-Qasbah,1
Sugandha-Mishra,1
Tochi-Raina,1
Tulika-Ganguly,1
a---bong,1
a-kay,1
a-short-summer,1
a-square-live,2
a26,1
aabha-hanjura-and-sufistication,1
aabhaas,1
aafreen-vaz,9
aakanksha-sharma,13
aakanksha-vernekar,1
aakar,4
aakarshak-mishra,1
aakash-gupta,42
aalaps,1
aamer-peeran,3
aanchal-shrivastava,1
aanya,9
aanya-singh,5
aarambh,1
aardee,10
aarmash,1
aaron-fernandes,1
aarsh-benipal,5
aartii-nagpal,2
aarushi-oswal,1
aashi-sharma,1
aashiyaan,1
aasma-dance-company,1
aatish,1
aawaaz,3
aawara-the-band,1
aayana-dance-company,3
aayushi-jagad,3
abazz,14
abel-mathews,4
abha-singhaal,1
abhigyan-das,7
abhijeet-sawant,4
abhijit-ganguly,34
abhijit-ghoshal,2
abhijit-gupta,1
abhijit-mazumdar,1
abhijith-ps-nair,1
abhilesh---goldiee,1
abhimanyu-lal,2
abhinab-dan,1
abhinav-johari,1
abhinav-shankar,2
abhishek-chatterjee,1
abhishek-gaurav-photography,1
abhishek-malik,8
abhishek-rajpurohit,1
abhishek-singh,1
abhishek-upmanyu,41
abishek-kumar,2
abloom-dance-company,2
aboriginals-project,1
accerto,2
aceaxe,4
adbhutam,2
addiction-age,1
addiction-the-band,1
adhyayan-suman,2
adil-ibrahim,6
adil-nadaf,1
aditi,1
aditi-arya,2
aditya-narayan,3
aditya-photography,1
aditya-shridhar,6
adrian-lewis,1
adrija-gupta,1
afsha-khan,3
afterlive,1
agastyafor,1
agnee,2
ahad-band,3
ahmed-shariff,9
ahsaan-qureshi,3
air-dance-crew,1
aisha-ghani,1
aishwarya-anand,31
aishwarya-bharadwaj,3
aishwarya-majmudar,2
aishwarya-nigam,3
aishwarya-suresh,1
aj-and-dj-mack,1
aj-frames,1
ajay-234084,1
ajay-shaw,2
ajaz-khan,8
ajit-shukla,1
akash-arora,1
akash-choudhary,1
akash-gautam,1
akash-gupta,2
akash-gupta?id_op=7e0c93ff-b478-4667-9d1d-8aeb0f519781,1
akash-vincent,1
akbar-sami,2
akhil,31
akhtar,2
akira's-tricolour,9
akriti-kakar,5
akshat-panwar,1
akss,1
alaap-the-band,1
alakh,3
alamgir-khan-236213,1
alankar-folk-musical-group,2
alankrita-bari,2
alfaaz,38
ali-quli-mirza,9
alienz,1
alina-yasmin,1
alisha-arora,10
alive-240725,1
alka-yagnik,1
all-india-permit,2
alo,1
alpatva,3
alphons-joseph,1
altamash,1
altamash-faridi,1
aman-khanna,1
aman-mahajan,1
aman-malhotra-236288,1
amandeep-singh,1
amandeep-singh-malhotra,3
amar,26
amar-dhar,1
amar-sabyasachi,1
amar-sen,1
amarpreet-singh,2
amit-bhadana-246822,2
amit-big-b,1
amit-gaur,5
amit-mehra,2
amit-mutreja,1
amit-sana,1
amit-tandon,27
amit-trivedi,2
ammy-virk,12
amol-arun-shende,1
amour,1
amrapali-shindhe,1
amrit-maan,5
amyra,1
anagha-hindlekar,1
anand-munshi,1
ananth-nagarkar,1
ananya-mishra,2
anaya-brahma,1
anchor-abhi,1
anchor-ali,1
anchor-anvi,3
anchor-divya-vijayvargiya,5
anchor-dolesh,1
anchor-ekta-sharma,4
anchor-gaurav,10
anchor-jhansi,1
anchor-kanika-srivastava,2
anchor-kavea-r-chavali,1
anchor-kirti-vardhan,1
anchor-lavina-galani,3
anchor-lawrance,1
anchor-manalee-shah,1
anchor-naina,1
anchor-navin-khanchandani,1
anchor-neha-sharma,1
anchor-nikhil-khatri,1
anchor-om,3
anchor-priya,1
anchor-rocky-gill,1
anchor-ruchi-singh,2
anchor-rupali-guha,5
anchor-shina-gujral,3
anchor-varsha-jha,1
anchor-vedangee,2
anchor-vishal,2
andrea-jeremiah-247323,1
aneek-dhar,2
aneesh-pillai,2
aneesh-pillai?id_op=7e0c93ff-b478-4667-9d1d-8aeb0f519781,1
angad-singh-ranyal,38
angel-aru,1
angshuman-pol,1
anhad,1
anhad-the-band,16
anill-dogra,1
anindita,1
anirban-dasgupta,9
anirudh-das,1
anish-nair-project,1
anish-sood,8
anita-hassanandani-reddy,7
anjali-kapoor,3
anjali-wadhwani,2
ankaheen-the-unspoken-words,1
ankesh-jha,1
ankit-gera-234660,7
ankit-pandey,4
ankit-rohida,1
ankit-sisodiya,5
ankit-tiwari,1
ankit-upadhyay,1
ankita,14
ankita-barche,1
ankita-chatterjee,1
ankita-mandal,1
ankita-mishra,14
ankita-mishra-238167,1
ankita-sharma-232680,2
ankur-kaushal-photography,1
ankur-thatai-â€“-wedding-photojournalist,1
anmol-gagan-maan,21
anmol-shukla,8
anoop-r-nair,1
anoop-talwar,1
anshuk-mansingka-photography,1
anshul-kapoor,1
antara-mitra,2
antariksh,11
antarikshRecommended),2
antarix,1
antidote,1
antimatter,1
anubhav-suman,1
anuj-and-meenu-chaturvedi,1
anuj-pathak,3
anuja-ghadge,1
anup-kumar,2
anupam-anand,2
anupma-singh,1
anuradha-paudwal,1
anurag-sharma,1
anurag-srivastava,1
anurag-the-flutist,1
anuragi,9
anusha-mani,3
anushka-and-agent,2
anushka-manchanda,4
anwesha-dutta-gupta,1
any-me,5
aparshakti-khurana,2
appurv-gupta,57
aradhaya-the-band,1
arag,2
aravind-sa,3
archita-bhattacharya,1
aritra-sen,12
arjan-bajwa,3
arjun-handa,1
arjun-kanungo,4
arkane,1
armaan-bedil,1
armaan-malik,3
arnav-rao,1
arpan-chahal-photography,1
arpan-sen,1
arpit-chourey,1
arpita-mukherjee,1
aruna-irani,5
aruna-sairam,1
arunjyoti-photography,1
asar,1
asees-kaur,14
ash-beniwal,1
ash-king,3
ash-roy,1
ashish,1
ashish-bhati,1
ashish-chhabra-project-jazba,1
ashish-janiani,2
ashok-khosla,1
ashok-mastie,4
ashtmi,7
asif-jeriya,1
asmik-gaba,1
astitva,2
atharva,3
atom-bass-boy,1
atul-khatri,37
avantika-bakshi-239649,2
avartan,2
avijit-and-tinku,1
avinash-agarwal,2
avinash-ghosh,2
aviral-malay,5
avp,1
axis-images,1
ayaan,1
ayushi,1
azaan-sahab,13
azaan-sahab-with-his-band,6
azeem-banatwalla,5
baawre-the-band,1
babbal-rai,1
babul-supriyo,1
bachan-bedil,1
badal-barai,1
badshah,5
baila-loca,1
bal-dhillon,2
bandeya-the-band,1
bandishein-231844,1
bandits-sync-masters,1
banditz,1
bards-of-the-east,1
basspatch,5
bassque,1
bb-ki-vines,3
beat-breakers-dance-institute,1
beat-busters,4
beatbusters,1
beatcrush,6
beatcrush,1
beatroid,1
beatronix,1
beauty_spot,1
beef-sappad-trio,1
bella-sulakhe,1
bennet-and-the-band,2
benny-dayal,3
beri-brothers,1
berry,2
bhadraksh,4
bhagyashree-patwardhan,4
bhangra-tronics,1
bhanu-prtap,1
bharat-sundar,1
bharti-singh,1
bhaskar-haldhar,1
bhavana-bhatia,4
bhaveek,1
bhavita-singh,15
bhavya-arora,1
bhavya-dedhia,1
bhavya-pandit,1
bhawna-kataria,1
bhoomi-trivedi,7
bhooteshwara,3
bhrame,2
bhumika-anantharaman,5
bhuvan-bam,2
bhuvnesh-baawra,2
bianca-gomes,1
big-deal,1
big-m,3
bilal-saeed,1
binals-dance-academy,1
bineeta-bhattacharya,1
bir-radha-sherpa,1
bir-singh-turbanmusic,4
bismil-239625,3
blackriders-dance-crew,1
blank,1
blossom-d'souza,1
blues-conscience,1
bohemia,5
bollywood-brothers,3
bombay-bairag,1
bonnie-fernandes,2
brahmin,1
braidel-mehandi-art-by-ramesh,1
brandon-lalkaka,3
brij-kohli-mkovers,1
browbeatz,1
brown-bastards,1
bryden-and-parth,2
burma-bazaar-conspiracy,1
cadence-of-the-soul,1
calm-chore,1
camera-cholche,1
candice-redding,11
candid-affair,1
candid-fotography,1
candid-moments-photography,1
candid-photographer-in-kolkata,1
candyflip-sundae,1
capital-three,1
capricio,1
chaitanya-iyer,1
chand-qadri-afzal-chishti,1
chandan-rastogi,1
chandni-bhagwanani,21
chandrika-ravi,1
chandroday-pal,1
charlie-chauhan,21
charu-chandra,1
charu-semwal,28
chennai-comedy,4
chinmay-mhatre,22
chinmoy,1
chintan-mudras,1
chirag-wadhwani,10
chirayu-mistry,2
chitra-roy,2
chizai,1
choreotheque-dance-studio,1
chromatic-curves,1
clyde,2
code-a,1
colaba-point,1
coldhaze,1
colonel-aalok-sood,1
comedian-shashi,7
corals-the-band,2
crafts-of-kammotionn,2
cranknob,1
crazy-vibe,1
crystal-heads,1
crystals-dance-troup,4
cryze-raver,3
cyrus-sahukar,2
d-and-g-projectz,1
d-element-dance-company,2
daira,2
daksh,12
dale,7
dalljiet-kaur,12
dance-street,2
dance-with-aye,2
dandiya-dance,1
daniel-fernandes,22
dark-angel-dance-crew,1
dark-x-destiny,1
darshan-raval-238507,15
dawn-tobin-makeup-artist-and-stylist,1
debajit-acharjee,1
debashish-ghosh,20
debojit-saha,2
decisions,2
dee-j-sny,1
deej-,1
deej-stuti,15
deejay-axi,1
deejay-dee,1
deejay-jiju-official,1
deejay-pravesh,1
deejay-ricky,2
deejay-skull,1
deejay-vyas,1
deep-chhabria,7
deep-dhillon,1
deepa-km,1
deepak,7
deepak-malik,2
deepak-mishra,1
deepan-mukherjee,1
deepika-singh,4
deepshikha-nagpal,20
deepster-feat-sultan-live,1
deepu-dileepan,1
deja-view,1
delbar-arya,1
delhi-dance-academy,1
delhi-indie-project,2
delhicious-harmony,1
demiurgic,2
desi-crew,1
desi-roots,2
desi-twist,1
destiny,1
devpriya-mohata-photography,1
dhanraj-panchal,1
dhinchak-pooja,1
dhol-punk,1
dhruv-immortal,1
dhruv-sangari,1
dhwani,1
dhwani-mittal,3
diljit-dosanjh,3
dilpreet-dhillon,4
dimple-pancholi,2
dinesh-kumar,1
dipanshu,5
dipoo-srivastava,2
dipthi-aashok-makeup,1
disha-patani,6
div,1
divine-connection,1
divine-symphony,1
divya-divakar,2
divya-joshi,1
divya-kumar,7
divya-malik,3
divya-vaid,1
diwakar-singh-kachhawaha,2
diya-lamba,1
dj-abhi-gond,1
dj-abhishek-bhosale,1
dj-abi,1
dj-aj,1
dj-akanksha-popli,7
dj-ana,5
dj-anant,1
dj-anastasia,1
dj-angel,1
dj-ankur,1
dj-appy,1
dj-aqeel,3
dj-arpn,1
dj-ashish-nagpal,2
dj-bally-singh,1
dj-barkha,4
dj-berry-gangsta,4
dj-bobz,1
dj-bprks,1
dj-brixxx,1
dj-chetan,3
dj-chetas,5
dj-dippy,1
dj-doctor,4
dj-faiz,1
dj-gauravv,4
dj-gouri,4
dj-govind,1
dj-groove-dev,8
dj-happy-chopra,1
dj-himanshi,5
dj-himanshi-koala,4
dj-ivan,1
dj-jenish,1
dj-jimmy,1
dj-joshua,1
dj-k-four,1
dj-kamya,2
dj-kant,1
dj-kim,1
dj-kiran-kamath,2
dj-kunal-234593,1
dj-kunal-bajaj,8
dj-lloyd,1
dj-mansur,1
dj-mick-sondhi,1
dj-mohit-191164,1
dj-msk,1
dj-namiz,1
dj-nav-kaur,10
dj-navendu,1
dj-niccon,1
dj-nick-eight,1
dj-nik'j,3
dj-nika,3
dj-nikkhil,1
dj-nyk,13
dj-oppozit,1
dj-paroma,3
dj-pasha-doll,4
dj-peri,2
dj-perisha,1
dj-pia,5
dj-pihu,2
dj-prashant,3
dj-prithvi-arora,9
dj-r-nation,1
dj-raj,1
dj-ravi,1
dj-ray,2
dj-ricky,1
dj-riktam,1
dj-rink,1
dj-rippen,1
dj-rishabh,1
dj-rocky,4
dj-rohan-sd,2
dj-sach,2
dj-sagar,1
dj-sahil-delhi,1
dj-santy,1
dj-saone,1
dj-satz,1
dj-sau,1
dj-saurabh-3809,3
dj-savyo,1
dj-scr3w,1
dj-shaan,2
dj-shadow,10
dj-shadow,1
dj-shaturn,1
dj-sherley,1
dj-sherwin,1
dj-sheryl,1
dj-shivam,1
dj-shy,2
dj-siddharth,1
dj-sidh,1
dj-sonya,9
dj-sugi,1
dj-surya,1
dj-tash,1
dj-tejas,1
dj-tishya,2
dj-troy,1
dj-veekay,1
dj-veepee,1
dj-vkey-and-meeta-the-sufi-duo,2
dj-yash-gawde,1
dj-yoddha,1
dj-yog,1
djane-kmk,1
dna-photographix,1
dnr-crew,2
do-berozgaar,1
dolon-majumdar,2
dr-pawan-agrawal,1
dr-sanket-bhosale,4
dte-dance-the-entertainment,5
dualist-inquiry,2
durjoy-datta,1
durnibar-saha,9
dutch-street,2
dv-dance-crew,1
dvaj,2
dvg,1
dynamic-dance-crew,2
eclipse-the-band,1
ehsaas,7
ektal,9
electron,1
elektrovertz,1
elly-emily,1
em-kaur,1
emcee-ankur,2
emcee-arjun,1
emcee-david,2
emcee-kp,1
emcee-lavy,1
emcee-pramod,4
emcee-raina,4
emcee-sam,6
emotions-unplugged,1
enakshi-sharma,3
envy,1
erica-fernandes,3
essayy,4
evelyn-sharma,9
faiza-khan,2
falah-faisal,3
falguni-pathak,2
famous-crew,3
faridkot,2
fariyaad,1
fazeel-ahmed,3
fazilpuria,2
fear-vortex,1
fictitious-kings-united-india,1
fieto-and-fables,1
finix-ramdas,2
firoz-a-khan,1
fitoor-the-band,4
flash,1
flavour-of-strings,2
fliptrip,3
fokal-point-productions,1
foot-loose-dance-academy,3
fossils,1
foto-kraft,1
foto4ever,1
four-frets,1
frequency-project,2
fullstop,1
funny-boys,1
fusion-step,3
g-sharp,1
gaby,1
gagan-bakana,3
gagan-kokri,1
gaman-the-movement-factory,2
gammat-gappa,3
ganichoudari,1
gargi-goswami,2
garima-kaushik,1
garima-khiste,1
garry-sandhu,1
garv-malik-147086,3
gaurav-arora-photography,1
gaurav-dubey-the-deceptionist,2
gaurav-dutta,11
gaurav-ghelot,1
gaurav-gupta,8
gaurav-kapoor,54
gaurav-madan,1
gaurav-n-chandni,1
gauri-sandhu-232555,1
gauri-tonk,2
gaytri-asokan,1
gazal-vats,1
geet-sagar,1
gehana-vasisth,5
ghansham-s-vaswani,1
gippy-grewal,5
gitanjali-rai,1
goldie-sohel,19
goldy-singh,1
goonj,2
goonjjj,1
goonjjj-239724,3
govind-kurnool-the-singer,1
gowry-lekshmi,1
gravity,1
greyfade,1
groove-chutney,1
grooves-entertainment,4
guitarist-vicky,1
gul-panag,6
gulshan-jethwani,2
gulshan-jethwani?id_op=7e0c93ff-b478-4667-9d1d-8aeb0f519781,1
gunjan-balwani,1
gupz-sehra,1
gurbax,1
gurdas-maan,1
gurdeep-mehandi,4
gurnazar-chattha,1
gurpreet-mahar,1
guru-harish-gangani,1
guru-randhawa,8
hakuna-matata,2
happy-dancing-feet,1
harbhajan-mann,3
hard-kaur,1
hardy-sandhu,43
hari-and-sukhmani,9
hariharan,2
harinder-maan,1
harish-moyal,21
harleen-singh,1
harpreet,3
harsh,1
harsh-beniwal,1
harsh-mehrotra,3
harshaali-malhotra,3
harshad-chopra,7
harshdeep-kaur,1
harshit-arora,3
harshita-choudhary,1
harshvardhan-rane,3
hasleen-kaur,7
haze,4
hazel-keech,4
heena-verma,1
hemant-adwani,2
hemant-kaushik,1
hemant-kumar-bidawat,2
hereafter-official,1
hidden-identity,1
highway-69,1
hijas-moosa,11
himani-kapoor,11
himani-singh,2
himanshi-s-chatwani,1
hina,1
hindukush,1
hip-hop-unite,1
hipnotix-dance-troupe,1
hiten-panwar,1
honey-gill,5
hostilian,1
hricha-debraj,2
hriday-gattani,2
hritz,1
humming-bird,1
humsufi,1
ibaadat,1
idance-india,1
ikka,36
ikka-singh,3
ikrah,2
ilahi,2
illusive,1
immortal-dance-world,4
immortal-peace,1
immortal-strings,1
inasha-tiwari,1
indeep-bakshi,52
inder-chahal,7
indi-ever,3
indian-fusion,1
indian-mauj,1
indian-ocean,1
indian-saga,2
indian-strummer,1
indian-wedding-choreography,1
indigenous-fakirs,3
indranath-chatterjee,2
indus-fleet,1
inertians,1
infinity-squarred---arpit,2
inhale,1
inquilab,1
international-african-acrobat,1
international-chandelier-bar-act,2
international-fire-dancers,1
international-hula-hoop-dancers,1
international-pole-dancer,2
international-symphony,2
ioish,2
irfan-khan,1
irwin-victoria,1
ishan-isaacs,5
ishani-dave,1
ishani-dave-234954,3
j-star,4
jaaltheband,1
jagan-krishnan,1
jagdish-chaturvedi,17
jagjeet,1
jai-soni,6
jamie-lever,1
januppa-karnani-choreography,1
japtej-singh,5
jasdil-singh,8
jaskaran-singh,2
jaskaran-singh-236301,3
jasleen-matharu,1
jasmine-sandlas,19
jason-tham,1
jaspreet-singh,51
jass-bajwa,12
jassi-gill,6
jassi-sidhu,4
jassi-sohal,1
jassimran-keer,2
jaswir-kaur,18
javed-ali,2
jay-chhaniyara,1
jay-karmani,1
jay-rana-and-sammy-malik,1
jayant-sankla,8
jayvijay-sachan,4
jaz-dhami,3
jazba-e-junoon,12
jazzleen,1
jazzy-b,4
jeeveshu-ahluwalia,60
jeeya-sethi,10
jeeya-sethi,1
jenny-d-souza,3
jeremiah-29-11,2
jerus-dance-academy,1
jhalak-dance-studio,1
jhanak-nagar,1
jigrra,1
jihaana,2
jimmy-sheirgill,2
jinu-joy,1
jishant-malik,4
jitesh-chawla,5
joel,2
johny-lever,1
johny-rawat,8
johny-seth,1
joy-banerjee-photography,1
judaa,1
jukebox,1
julia-bliss,9
julia-bliss-234718,2
junaid,2
just-dance,3
jyoti-nooran,2
jyotsna-chandola,1
kaafila,1
kaahon,1
kabeer,5
kabeer-inc,6
kabir'n'shiba,1
kabir-bedi,3
kaifiyat,1
kailash-joshi,1
kailash-kher,3
kalinga-band,2
kalki-koechlin,3
kamal-grewal,2
kamal-khan,2
kamya-punjabi,8
kanan-gill,6
kanchan-daniel-and-the-beards,1
kanchan-tomar,1
kanchi-shah,2
kanchi-singh,3
kanhai,1
kanika-khatri,1
kanika-malhotra,1
kanika-srivastava,14
kanishk-tyagi,1
kanishka-gola,1
kapil-verma,1
karan-joseph,1
karan-khera-photography,1
karan-singh-magic,1
karan-talwar,6
karaoke-badfish,1
karawan,1
karishma-kotak,3
karishma-tanna,3
karma-kartel,13
kartavya,1
karthick-iyer,1
kartik-aaryan,4
karunesh-talwar,52
kashish,1
kashmera-shah,1
kashyap-sandeep,1
kashyata-bhatia,2
kaur-mandeep,4
kausani-ghosh,2
kaustubh-mani,1
kautuk-srivastava,5
kavita-godiyal,1
kavita-seth,1
kavya-khurana,4
kavya-limaye,1
kavyas-the-band,1
kaya,1
keerati-ballabh-dev-pathak,1
kenishaa,1
kenneth-sebastian,19
kerano,8
keshav-puri,1
kevin-sam,9
khader-shareef,1
khayali,1
khushboo-grewal,1
kimira-the-dancers-throne,1
kingh-sam,8
kinjack,1
kinnori-samaddar,1
kiran-vaswani,2
kirtidan-gandhvi,2
kishore-,1
kishore-dayani,79
kitchensink,1
kjeld-sreshth,9
knight-s,2
knight-shades,3
knight-shades?id_op=1bEyH,1
kohl-belly-dance-movement,1
kohra,1
kolkata-clouds,1
komal-sheth,2
kopal-bindra,2
korral-reef,1
kosha-pandya,1
koushik-mukherjee,1
kraxus,2
krazy-electrons,1
krishnendu-paul,40
kritarth-srinivasan-comedian,7
kriti-sanon,3
kritika-ahuja,2
kritika-sharma,16
krushna-abhishek,2
krutartha,1
kruti-parekh,1
kshitij-mathur,1
kshitij-tarey,2
kubbra-sait,1
kulwinder-billa,17
kulwinder-gill,1
kumar-sanu,1
kumar-satyamm,7
kumar-sharma,1
kumar-varun-photography,1
kumar-vishu,1
kunal-jaisingh,4
kunal-kamra,52
kuntal-gupta-photography,1
kunwar-amar,4
kushal-paul,1
kutle-khan-project,1
kuwar-virk,1
laachi-bawa-and-glory-bawa,1
lagnajita-official,1
lakhbir-singh-lakha,1
laksh-234122,5
lakshya-bhatnagar,1
lakshya-khanna,4
lamhe,1
lata-pardesi,3
lauren-gottlieb,5
lavina-tandon,1
leela-fireworks,1
leher,1
lesle-lewis,2
life-coach-medhavi-jain,1
little-black-box,1
liz-brown,1
loc,3
lokendra-pal,1
lokesh-batta,6
looking-for-angels,1
loose-puppets,1
lost-ico,2
lost-icons,2
lost-stories,6
lovey-sethi,1
lovina-adnani,1
loysum,1
lubna-siddiqui,1
lucky-singh-durgapuria,2
m-sonic,1
maahaa,1
maan-gangwani,1
mad-d,1
madboy-mink,1
madhav-moghe,1
madhav-the-flautist,1
madhuparna,3
madhuri-goswami,2
madira,1
madman,1
madol,1
maffick-entertainment,1
magic-manas,1
magician-kg,1
mahalakshmi-iyer,1
mahati-ananth,1
mahavir-and-saptak-percussion-duo,2
maheck-chahal,2
maheep-singh,1
mahesh-239796,1
mahesh-dalvi,2
mainam,4
makeup-artistry-by-pehal-ahuja,1
malvika-periwal-photography,1
mame-khan,2
mananjay,1
manas-kumar,1
manas-kumar-sahoo-group,2
manasi-scott,3
mandar-bhide,32
manish-,1
manish-mishra,1
manish-tyagi,95
manisha-chakravarty,1
manisha-koranga,2
manj-musik,2
manjari,1
manjeet-khehra,1
manjeet-singh,1
manjit-rupowalia,1
manjot-singh,1
manjusha-bajaj,1
mankirt-aulakh,33
manmohan-raj,1
mannan-thakral,8
mannat-the-band,3
manndori,1
manoj-malik,1
manpreet-dhami,1
mansheel-gujral,1
mansi-bhardwaj,1
manudeep-mandy-shiromani,1
maram-the-band,20
maria-roza,2
maryam-zakaria,2
mastak-band,1
master-saleem,3
mastikhor-the-band,2
mate,1
mathangi-jagdish,1
mauj-punjab-di,1
mauli-dave,1
mausiqaar,14
may-contain-nuts,1
maya-the-band,1
mayank,1
mayank-chhabra,1
mayank-pandey,3
mayanti-langer,1
mayur,2
mayur-patel,1
mayur-ruyam,1
mayur-sakhare,1
mazhab-the-band,4
mc-fayaz,1
mc-karishma,1
mc-prasad,4
mc-sanjana-r,2
mc-vidya-acharya,1
medlon,2
meenaxi,1
meesam-suresh,1
meet-bros,1
meet-jain,2
megha-sapate,1
meghaa-sharma,2
meghna-dundi,2
meher-malik,2
meiyang-chang,4
melange,1
merakist,3
metafolks,1
mg-and-main,1
mhelly-bhumgara,1
midival-punditz,2
midnight-traffic,1
milind-kapoor,10
millind-gaba,35
mindbass,9
mini-dewan,8
mink-brar,6
mist,11
mj-arts-and-photography,1
mj5,5
modern-mafia,1
mohammed-irfan,3
mohd-amir,1
mohd-sami,13
mohit-234847,1
mohit-gaur,23
mohit-kumar,1
mojojojo,4
moksh-the-sensational-band,1
moksha-band,1
moksha-the-band,2
monali-thakur,14
monalisa-rai,1
monica-murthy,2
monica-singh,1
monty-marzara,1
moongphali,1
mosiqi,16
motherroot,2
motor-wade,3
mr-footboog,1
mr-j,4
mr-vgrooves,1
mridhula-sekhar,1
mubeen-saudagar,1
mudrashik-photography,1
mugdha-godse,7
mukhtar-shah,2
muktoberi,1
munny-fame,2
murli-satagopan-standup-comic,7
music-unltd,7
musical-mentals,2
musication,1
musicorp,5
mutineers,1
muzaffer,1
my-side-of-the-story,1
n-hilate,3
nadia-hakani,1
nakash-aziz,1
nalayak-the-band,1
nalin-vyas,5
naman-sharma-238944,1
namma-retro,1
napoleans-subwoofer,1
naseer-khan-236279,1
nasha,9
nasif-akhtar,16
nasya,2
natalie-di-lucio,1
nataliya,1
natasa-stankovic,1
natya-ballet-centre,1
naveen-richard,3
navia-natarajan-menon,1
navv-inder,52
navv-inder,2
navya-nair,1
nayan-pancholi,1
neecia-majolly,1
neethusha-cherckal,3
neeti-palta,20
neeti-palta?id_op=1b0zi,1
neetu-singh,1
neha-dubey,1
neha-kakkar,8
neha-sareen,1
neil-nitin-mukesh,2
nerd-monkey,2
niazi-nizami-brothers,2
nick,5
nick-dhammu,1
nicolette,1
niharica-raizada,1
nikhil-chinapa,6
nikhil-d'souza,5
nikhil-patwardhan,1
nikitha-reddy,1
nimaggn,1
nimrat-khaira,14
nina-and-malika,3
ninad-bhat,2
ninja,21
nirali-fozdar,1
nirupan-,2
nirupan-sinha,2
nirvesh-dave,2
nish-dance-academy,4
nisha-rachel-philip,1
nishant-joke-singh,42
nishant-suri,13
nitin-anand,20
nitin-dance-troupe,1
nitin-gupta,4
nitin-mandal,34
nitin-nayyar,1
nitin-puglia,1
nitin-virat,1
nitish-kalia,2
nizami-bandhu,1
no-name-attached,1
no-treble-bangalore,1
noddy-khan,2
nomadic-,2
nomadic-jam,5
noor,1
nooran-sisters,7
north-east-dance-troupe,1
noyonita-lodh,1
nucleya,2
nupur-sharma,3
nuur,3
nytyn,2
octave,1
off-the-hamster-wheel,1
ol-that-jazz,1
om-the-acoustics,1
on-cinq-dance-arts,2
one-and-one,1
osmium,1
ouch,1
outliner,2
outliners,5
oxygen-on-the-rocks,2
pallavi-baberwal,1
panache-dance-studio,2
panchtarni,12
pandora's-box,1
panic,2
pankaj-udhas,4
papa-cj,2
papai-dutta-photography,1
paradigm-shift,1
paradise-circus,1
paramjeet-tikka,1
paras-mani,1
parekh-and-singh,1
paresh,1
paresh-shirodkar,2
paridhi,1
parikrama,2
parmish-verma,14
parnadeep-mukherjee-photography,1
parshwanath-s-upadhye,1
parth-samthaan,2
parthiv-gohil,1
parvaaz,1
parvinder-singh-comedy,30
pavitra,1
pavleen-gujral,1
pavleen-gujral-136724,4
pawan,1
pawandeep-rajan-singh,1
pawni-a-pandey,4
pawni-pandey,1
payal-bandapalle,6
peppytunes,1
peprico,2
percussion-mantra,4
percussionist-manoj-bagga,1
percussionist-shivam-arora,1
perisha,6
petrified-souls,1
petta-rap,2
phalguna-somraj,1
photographians,1
piah-dance-studios,1
piya-saini,1
piyush-chauhan,1
play-it-,2
play-it-by-ear,3
pooja-and-pranay,1
pooja-chopra,1
pooja-insa,1
pooja-surve,1
pooja-vijay,9
poonam-chavan,1
poonam-dhillon,6
poonam-pandey-246840,3
poppy-barman,2
prabhu-deva,2
prachand---indian-band,1
prachiey,1
pradeep-chamaria-photography,1
pradeep-pallavi,1
pradeep-varma,1
prakash-ulliyeri,1
praksh-joshi,1
pramay-lokhande,1
pranav-dhawan,5
pranay-mathur,1
praneet-bhat,3
pranetra,2
pranjal-photography,1
pranjli-mishra,1
prasad-kshirsagar,2
prashant-ramchandani,1
prashant-saxena,1
prashant-tamang,1
prashmita-paul,2
pratap-&-harish,1
pratap-batra,1
pratap-fauzdar,13
prateek-thakur-photography,1
pratham-tandon,1
prathaviraj-purohit,19
pratibha's-music,2
pratibha-sonhiya,2
pratik-live,1
pratika-sood,8
pratyush-chaubey,15
pravesh-rana,2
prayas,9
prayasRecommended),1
preet-kamal,1
preeti-das,2
preeti-vohra,1
preety-bhalla,1
preeya-naidu,1
prem-joshua-and-band,2
prerna-and-apurva,1
primi-shrivastava,5
prince-bhangra-group,2
prince-narula,2
prism,1
pritam,1
prithvi-the-band,1
priya-ghiya,1
priya-malik,2
priya-tomar,3
priya-tomar?id_op=7e0c93ff-b478-4667-9d1d-8aeb0f519781,1
priyanka,6
priyanka-happan,8
priyanka-nahata,3
priyanka-negi,1
priyanshu-mishra,6
priyesh-sinha,1
prof-ash,2
progressive-brothers,13
project-jac,7
project-triplet,1
prosenjit-guy-kundu,1
prreity-wadhwa,3
pseutopia,1
puja-singh,1
puneet-poddar,1
punit-paliwal,3
punya-arora,1
purple-crown,1
purva-mantri,1
qissa-the-band,1
question-mark-crew-india,1
quistek,1
raahi,1
rabbit,1
rachel,3
radhika-apte,3
raftaar,1
raghav-kapoor,1
raghav-meattle,1
raghav-raja,1
raghav-sachar,5
raghav-sethi-photography,1
rahat,1
rahil-khan,1
rahil-zafar,1
rahul-dogra,1
rahul-dua,2
rahul-dutta-240949,1
rahul-jain,3
rahul-jain-and-the-band,2
rahul-kapoor,1
rahul-sahu,1
rahul-subramanian,23
rahul-vaidya,2
rajan-srivastav,13
rajeev-paul,6
rajesh-cherthala,2
rajesh-shah,9
rajneesh-kapoor,48
rajnish-trivedi,1
raju-mehandi-wala,1
raju-srivastava,1
rana-daggubati,1
randeep-kaur,4
rang,1
rangreza-the-band,7
ranjit-bawa,2
raouf-gangjee,2
rasayana,3
rathik-pathak,2
rati-pandey,3
ratnika-vyas,4
raunaq-rajani,14
raveraj,2
ravi-allahabadi,1
ravi-shukla,2
rawshooter-photography,1
reena-d'souza,1
reflections-by-varinder-sekhon,1
rehat-brar,1
rekha-bhardwaj,2
renee-dhyani,21
resa,1
retros,3
revaasth,1
revanth,1
rg-unplugged,2
rhythm-revival,1
richa-bhatia,11
ricky-singh,2
ridansha-arora,2
ridhima-pathak,4
rihaa-the-band,2
rimi-nique,1
rinki-singhvi,3
rishabh-dev-violinist,1
rishikesh-potdar---paper-artist,1
ritu-agarwal,2
rituparna-sengupta,6
riyaaz-the-sufi-band,1
rizwan-khan,3
rj-devaki,1
rj-naved,3
rj-navneet,3
rj-peeyush,1
rj-shadab,2
rj-veer,1
rock-rhythm,4
rockin-marmalade,2
rocknaama,1
rockstrings,2
rocky-and-johnson,1
rody,1
rohan,9
rohan,1
rohan-g,1
rohan-gandotra,5
rohan-gandotra,5
rohan-mukherjee,6
rohan-raveesh,5
rohanpreet-singh,2
rohit-234885,2
rohit-ghiya,1
rohit-inarkar,1
rohit-talukdar,1
rohit-thakur,7
ronnie-singh,3
rooh,1
rooh-music-for-the-soul,1
rooh-the-band-158831,1
rooh-the-fusion-project,9
roopali-trate,1
roots,5
rootz-band,1
roshan-bhat,1
rotten-guitars,1
roulette,1
route-sixtysix-the-band,2
ruchita-thepadiya,1
ruhani,6
ruhi,1
rupali-jagga,11
rupinder-handa,1
rushad-rana,6
s)haan,8
s-two-academy,1
saar,1
sabareesh-prabhaker,1
sachin-jigar,1
sachin-shankor-mannath,1
saddvi-bajaj,10
safal-wedding-choreography,1
safar,1
safwana,1
sagar-cheema,1
sagar-gupta-collectives?id_op=1aZh1,1
sagar-lalwani,1
sagar-tiwari,1
sagar-tripathy,2
sagarika,1
sahibjeet-kaur-dahnjal,1
sahil-bajaj,4
sahil-khattar,1
sahil-shah,24
saisharan,1
salina-shelly,1
sam-mitra,1
samarth-swarup,2
samarth-swarup-239751,1
samay,6
samay-the-band,17
sameer-shrivastava,1
samit-bhardwaj,1
samrat-das-photogarphy,1
samved,1
sana-khan,6
sana-shaikh,1
sanah-moidutti,1
sanam,2
sanam-johar,1
sand-art-by-manisha,3
sandeep-batraa,3
sandeep-makeup-artist,1
sandeep-thakur---violinist,1
sandeep-wadhera,1
sandesh-johnny,2
sandip-soparrkar,1
sandipan-chowdhury,1
sandyy,1
sangeeta-gharu,1
sangeetha-ravindranath,1
sanjay-keni,8
sanjay-manaktala,2
sanjay-pande,2
sanjay-rajoura,6
sanjeeta-bhattacharya,3
sanjeev-korti,1
sanjeev-t,1
sant's-photography,1
sapna-choudhary,3
sara-gurpal,2
sara-khan,16
sartek,6
sarthak-pahwa,1
sarudraa,1
saswata,1
satinder-sartaaj,4
satinder-sartaj,2
satvanad-234945,1
satyajit-padhye,1
satyam-anandjee,1
saumya-shetty,6
saurabh-kaushal,2
saurav-moni,2
saurav-pardal,1
saw,10
sayak-basu,3
sayali-bhagat,4
sayani-palit,1
scyther-project,2
sd,2
second-sight,2
seema-khandelwal,1
seema-mishra,1
seeva-khan,1
sehaj-deep,9
sejal-morris,3
shabby,1
shabd-the-band,1
shadaj-the-band,4
shadow-and-light,1
shagorika-bhatia,1
shaili-shah,2
shakti-mohan,1
shalini-and-kumar,1
shalmali-kholgade,4
shameless-mani,1
shankar-bakshi-zero-gravity,1
shankar-school-of-performing-arts,1
shantanu-gupta,1
sharry-mann,9
shashank-arora,5
shashank-rawat,1
shashi-suman,7
shashwat-j-pandit-sj,1
shashwat-singh,2
shauuriin-bhatt,1
shavin,1
sheenz-arora,2
shefali-alvares,2
shefali-saxena-239617,1
shefali-the-dance-choreographer,1
shibani-kashyap,36
shilpa-raizada,3
shilpa-rao,4
shilpi-paul,13
shimit-mathur,5
shipra-goyal,16
shirley-setia,15
shiva-manvi,1
shivam,9
shivam-lakhanpal,5
shivam-vashisht,6
shivangi-bhayana,13
shivangi-sharma,14
shivangi-verma,3
shivani,1
shivani-oberoi,2
shivankur-vashisht-music,2
shivi-deveshwar,1
shivjot,5
shobhita-rana,1
shock-therapy,1
shouvik-mondal,3
showcase,2
shraey-khanna,1
shravan-reddy,5
shrinidhi-ghatate,2
shrirupa-sengupta,2
shruti-gera,1
shruti-haasan,1
shruti-pathak,7
shruti-seth,1
shubhalakshmi-mishtie-sen,2
shubham-and-tarun,3
shubham-band,1
shubham-jadhav,1
shuchi,1
shuchi-arora,3
shuchita-vyas,1
shukla-rajat-satya-prakash,1
shukraan,1
shun-ye,1
shweta-lalwani,9
sia-patel,2
siana-catherine,5
sickflip,1
sidd,1
siddarth-psyvaraman,1
siddhant-bhatia,2
siddharth-banerjee,19
siddharth-kannan,1
siddharth-kohli,1
siddharth-mahadevan,8
siddharth-nigam,1
siddharth-slathia,4
sidhu-moosewala,2
simetri,2
simpal,1
simple-t,2
simple-truth,2
simranjeet-singh,1
sinchan-dixit,1
sivana,2
skeleton-dance-crew,3
sky,1
skycristt,1
smita-bansal,16
smiti-and-adhir,1
smokey,1
smokey-the-ghost,1
smokey-the-ghost-235792,1
smruti-jalpur,9
sneha-maheshwari,2
sneha-suhas,6
snigdhajit-bhowmik,2
snigdho,4
soha-ali-khan-pataudi,3
soham-chakraborty,1
sombit-dey-photography,1
somoy-the-band,1
sona-jadhav,1
sona-mohapatra,9
sonal-chauhan,2
sonal-jain,10
sonal-mangret,2
sonal-singh,1
sonali-ajay-bahuguna,11
sonali-gupta,1
sonam-chhabra,3
sonia-and-diwakar,2
sonu-and-shikha,2
sonu-kakkar,17
sonu-sood,2
soofyan,1
sorabh-pant,44
sorabh-pant?id_op=1bFCJ,1
soulful-jammerz,10
soulkraft,1
soulmate-weddings,1
soulschool,1
soundwise,4
sourabhee-debbarma,2
sourav-ghosh,1
space-zitar,1
sparking-rumbles-dance-academy,1
sparsh-quartet,1
spiked-crib,1
spill-forty-five,5
spinnin-vibezz,1
spinstylz,1
spreading-roots,1
spunk,3
sreejita-de,2
sreerama-chandra,2
srejon-imagery,1
srijan-kaushik,1
srinivas,1
srusthi-shahs-dance-academy,1
ssameer-with-qasbah,6
standup-fever,1
stings-the-band,4
strawz,1
street-soul-dance-crew,2
street-violater,1
strella-rose,3
strike-three,1
stringboxx,1
strings,1
stuti-the-band,2
subham-chakraborty,1
suchismita-das,3
sudesh-lehri,1
sudhanshu-singh,1
sufi-rock,3
sugandha-mishra-2854,2
sugandha-thakur,1
sugarzzz,1
sugr,1
sujata-majumdar,1
sujatha-mohan,1
sujeet-gupta,1
sukanti-and-anushree,1
suketu,8
sukhdeep-grewal,1
sukhe,7
sukhman-heer,1
sukhwinder-singh,3
sukoon-sufi,1
sukriti-and-prakriti-kakar,13
sukshinder-shinda,1
sultan-masood,1
suman-chellani,10
suman-ghosh-image,1
suman-kumar,1
sumathi-shekar,1
sumit-anand,76
sumit-anand,2
sumit-sethi,6
sumit-shenoy,1
sunanda-sharma-241076,13
sundeep-sharma,9
sunidhi-chauhan,2
sunil-grover,2
sunil-pal-comedian,3
sunil-photography,1
sunny-agrawal,2
sunny-dhiman-photography,1
sunny-leone,1
supriya-lohith,3
suraj-dhull,1
suraj-jagan,1
suraj-photoworkz,1
suresh-menon,1
suryaa,1
suryaveer,20
susant-pattnaik,2
sushil-sharma,8
sutirtha-basu-photography,1
swar-a-soul-of-music,13
swar-the-band,2
swarbhoomi,10
swarna-mudgal,2
swaroop-khan,1
swarupa-ananth,1
swati-verma-3318,1
sway-dance-studio,1
sway-for-dance,2
swayambhu,2
taalbaaz,3
taalsutra,4
take-off,1
talat-aziz,1
tanay-mimani-136757,2
tanglish-comedy,2
tanique-fossa,1
tanishq-gaikwad,1
tannu-khan,1
tanvi-sinha,1
tanya-nambiar,1
tapas,3
tapas-dasmohapatra,2
taqdeer,2
tarit-pal,1
tarkash,3
tarun-batra,1
tarun-sagar,2
tarun-singh-photography,1
tasha-hayaat,3
tatva-k,12
teddy,1
tejasvi-kannan,1
telescop,2
telescopium,2
tequila-butter,3
teri-miko,12
thaikkudam-bridge,1
thakur-anoop-singh,5
thank-god-for-dance,2
that-band,1
the-academy-of-creative-dance,1
the-banjara-music-project,3
the-bird-experiment,2
the-calcutta-waack-pack,2
the-centaur,1
the-chala-mama-project,3
the-choral-riff,2
the-clinton-cerejo-band,1
the-copy-cats,2
the-dhun,1
the-divine-strings,3
the-einstein-experience,2
the-family-cheese,1
the-flute-mermaid,2
the-forgotten-cure,1
the-free-fall,1
the-fringe-pop,1
the-ganesh-talkies,1
the-glowdiators,1
the-indian-jam-project,1
the-indian-projekt,1
the-ishara-puppet-theatre-trust,1
the-iyer,2
the-iyer-project,2
the-kalpa-project,3
the-khurafati-nitin,1
the-latination,1
the-local-train,2
the-magic-man,2
the-magik-script,1
the-misp,2
the-misplaced-trilogy,2
the-mocking-tree,2
the-musical-zombies,1
the-muzibition,1
the-neglected-ones,2
the-oscar-band,2
the-playmores,1
the-q8-band,1
the-ragamuffins,2
the-raghu-dixit-project,1
the-restorers,1
the-revisit-project,2
the-richa-sharma,1
the-rohan-ganguli-quartet,1
the-sangeet-choreographers,1
the-secret-mission,1
the-sivamani-trio,1
the-soul,1
the-sparkling-weddings,1
the-strings,3
the-syndicate-goa,1
the-third-world,1
the-three-of-us,1
the-travellers,1
the-vindaloos,1
the-wedding-boutique,1
thermal-projekt,1
timir-biswas,1
tnp-the-native-power,1
toby-thomas,3
tojan-toby,1
tom-and-jame,2
traffic-jam,1
traffic-jam,1
trancemigrate,2
trancese,2
trancesense,2
trinergic,1
trishna-shenai-music,1
trishool-the-band,1
turban-the-band,9
tushar-jule,1
twina-jain-choreography,1
twist-to-break-seal,1
two-of-a-kind,1
ujjwal-and-shashank,1
umang-jain,11
unbrkblzzz,1
under-the-influence,1
underground-authority,2
unofficial-scotch-tape,1
unplugaya,2
urvashi-radadiya,2
urvashi-seth,1
urvashiee-arora,1
usha-melwani,3
usha-sharma,1
ushma-tyagi,1
ustad-anis-ahmed-khan,1
utkarsh-khanna,1
utsav-sharma,2
uttaran-uchiha,1
vague,1
vaibhav-aggarwal,1
vaibhav-sethia,52
vaibhav-verma,2
vaishali-made,1
vamsidhar-bhogaraju,3
vandana-bisht,19
vandana-vadehra,1
vanshaj-jaggi,6
varsha,1
varsha-tripathi,1
vasu-primlani,5
vatsala-sharma,1
vdj-jacob,1
vedangee-karnik,2
veebha-anand,15
veer-hazra,1
vejetha-anand,1
vermilion-diaries,1
veronika,1
veronika,1
verve-dance-crew,1
veshesh-the-percussionist,1
vibration-dance-troupe,1
vibrations-dance-studio,1
vicky-244506,3
victor-benjamin,1
victoria-saxy,2
vidha-lal,1
vidhi-sharma,4
vidya-ram,1
vihan-damaris,2
viidhii-upadhyay-4647,1
vijay-221358,1
vijay-batra,1
vijay-chronicles,3
vijay-gill,1
vijay-khathuria,1
vijay-kumar-patil,1
vijay-tiwari,2
vijay-tiwari?id_op=7e0c93ff-b478-4667-9d1d-8aeb0f519781,1
vijay-vikram-singh,1
vikas-sawant,1
vikas-sawant,1
vikas-verma,6
vikram-poddar,1
vikramjit-singh,5
vikrant,1
vikrit,1
vinaita-sivakumar,1
vinay-menon,8
vinayak-singh-loysum,1
vindu-dara-singh,7
violin-brothers,1
vipul-goyal,25
vipul-mehta,2
vir-das,3
viral-talsania,1
vishal-and-shekhar,1
vitthal-patil,1
vivaan,10
vivaan,1
vivaan for 25K26,1
vivah-moments,1
vivek-kumar,2
vivek-patil,1
vj-emcee-vijayalakshmi,1
vrushankh-raghatate,1
vrushika-mehta,1
vyasab,1
wad-dance-company,5
wadali-brothers,1
wajud,1
we-capture-moments,1
what,2
when-chai-met-toast,3
white-shadow-crew,1
wobblehead,1
yaariyan-band,1
yajur-brar,1
yami-gautam,6
yash-khatri,1
yasha-palankar,1
yashita-narang,1
yashita-sharma,2
yasoob-ali,2
yasser-desai,10
yatharth-sharma,6
yatin-arora,1
yo-yo-boys,1
yog-the-band,1
yogeshwari-mistry,1
young-core,1
youth-konnection,1
youthellennium-dance-academy,2
youturn,2
ysmusical,2
yusuf-aga,1
zaarra-kumar,1
zaeden,13
zak-zaheen,1
zakir-khan,15
zaroon,6
zaroon?id_op=1b1yz,1
zeenia-roy,1
zeeshan-khan,5
zehen,3
zenith,5
zenith-dance-troupe,1
zephyr,5
zephyrtone,7
zheel-band,1
zikrr,16
zipout's-dance-addiction,4
ziya,2
zubeen-garg,3
zublee-baruah,2
zulfiqar-khan,1
6ix-mhz-25276,2
Big-Family,1
Kabir-Singh-Bhandari,2
Maheep-Singh,1
Nakash-Aziz,1
Nisha Shetty,1
a-band-of-boys,1
a-kay,4
aakash-gupta,3
aakhira,1
aashiyaan,1
aathma,1
abazz,3
abhijeet-sawant,2
abhijit-ganguly,5
abhilasha-shukla,1
abhinav-shankar,26
abhishek-chatterjee,1
abhishek-upmanyu,18
abishek-kumar,6
abloom-dance-company,1
ace-aka-39,1
achyuth-j,1
acoustic-singh,3
adarsh-mishra,1
adil-ibrahim,1
aditi-arya,3
adnan-sami,1
advaita,2
ahsaan-qureshi,3
airavat,1
aishwarya-bharadwaj,1
aishwarya-nigam,1
ajay-mishra,1
akasa-singh,1
akash-gautam,1
akhil,9
alakh,1
alexander-babu,1
alisha-arora,5
all-india-permit,1
alpatva,1
amaan-shah,1
aman-pahuja,4
aman-production,1
amar,13
ami-b-shroff,1
amit-mehra,3
amit-tandon,8
amjad-ali-khan-136688,1
ammy-virk,5
amrapali-shindhe,1
amrit-maan,1
anchor-abhi,1
anchor-ankita,1
anchor-atul-sharma,1
anchor-gaurav,1
anchor-komal-vj,2
anchor-manas,1
anchor-neha,1
anchor-rishab-tripathi,1
anchor-ruchi-singh,1
anchor-shina-gujral,1
angad-singh-ranyal,5
anhad-the-band,2
anil-masih,1
anirban-dasgupta,27
anjali-kapoor,15
ankit-tiwari,1
ankita-mandal,1
ankita-mishra,5
ankita-singh,1
antara-mitra,12
antariksh,1
anubhav-suman,1
anuj-dimri,1
anuradha-sriram,1
anurag-dixit,25
any-me,4
appurv-gupta,5
apricot,1
archana-srikanth,1
arijit-singh,1
aritra-sen,16
arjun-bunty,1
artist-planet-saxophonist,1
arzz-a-musical-call,3
ashtmi,1
aslam-dance-company,2
avinash-ghosh,1
aviral-malay,1
baawre-the-band,2
badal-barai,2
badshah,1
badshahc,1
bandeya-the-band,2
bb-ki-vines,10
beaters-nikhil-shah,1
bhangra-tronics,2
bhavya-dedhia,1
bhawna-kataria,2
bhuvan-bam,5
bhuwin-khursija,1
big-m,1
bohemia,1
bollwood-naach-dance-troupe,1
bollywood-and-all-that-jazz,1
capricio,1
charitra,1
charlie-chauhan,2
charu-semwal,1
chinmay-mhatre,1
chirag-wadhwani,1
chirayu-mistry,1
chitrangada-singh,3
chrisanne-pereira,1
chrysalis,1
clinton-cerajo,1
crystals-dance-troup,1
d-mesh,1
daksh,2
daksha,1
dance-with-aye,1
dancing-curve,1
darshan-raval-238507,3
dastak,1
deajay-nick,1
debashish-ghosh,10
deejay-frinty,1
deepak-semwal,1
deepshikha-nagpal,4
desi-roots,1
dhruv-vohra,1
digbijoy,1
diljit-dosanjh,8
dilpreet-dhillon,2
diptendu-roy,1
disambiguation,1
disha-patani,1
divesh-singh-thakur,1
divya-joshi,1
divya-misra,1
dj-barkha,2
dj-berry-gangsta,2
dj-chetas,1
dj-d-johar,2
dj-groove-dev,1
dj-haym,1
dj-himanshi,1
dj-louis,5
dj-monty-235693,1
dj-nishal,1
dj-nyk,1
dj-paroma,1
dj-pasha-doll,1
dj-rippen,3
dj-russel-soundtrax,1
dj-satish,1
dj-shanaya,1
dj-siddharth,1
dj-siva,1
dj-sonya,6
dj-vijay-sain,1
dj-vishal,1
dj-vkey-and-meeta-the-sufi-duo,1
dr-sanket-bhosale,1
dream-note,1
dte-dance-the-entertainment,1
dual-disco,1
dualist-inquiry,2
durjoy-datta,1
durnibar-saha,7
elektrovertz,3
emcee-ankur,1
emcee-monisha,3
emcee-priyanka-bhalla,2
emcee-raina,3
emcee-sam,3
emotions-unplugged,1
emotions-unplugged?id_op=7e0c93ff-b478-4667-9d1d-8aeb0f519781,1
eternal-bliss,1
faizan-sheikh,1
fazilpuria,1
feyago,1
folka-dots,1
fuzzy-logic,1
gabriel-daniel,1
gammat-gappa,4
garima-kapoor,1
garima-khiste,1
garry-sandhu,1
gaurav-dubey-the-deceptionist,1
gaurav-dutta,1
gaurav-ghelot,1
gaurav-gupta,2
gaurav-pandey,1
geetanjali-gohar,1
gioconda,1
girish-gogia,1
gitanjali-rai,5
gladson---one-man-band,1
gurdas-maan,3
gurnazar-chattha,1
guru-randhawa,44
gypsy-sand-dunes,1
hamsar-hayat,4
happy-dancing-feet,1
happy-raikoti,1
hardy-sandhu,5
hargun-kaur,1
harjit-harman,1
harsh,1
harsh-beniwal,1
hasleen-kaur,2
hidden-identity,1
hijas-moosa,1
himani-kapoor,6
himanshu-khanna,3
hiten-panwar,2
hrithik-anand,1
hritz,2
ikka-singh,3
inasha-tiwari,2
indeep-bakshi,2
inder-chahal,3
indi-ever,1
indian-ocean,1
indigenous-fakirs,1
international-ariel-silk-rope-bar-act,1
isha-maheshwary,1
ishaan-dobhal-official,2
ishan-isaacs,1
isheta-sarckar,1
j-star,5
jagdish-chaturvedi,30
jalsha-ghar,1
jasleen-matharu,1
jaspreet-singh,22
jass-bajwa,3
jassi-gill,1
jatin-udasi,1
javed-ali,1
jaz-dhami,2
jazba-e-junoon,2
jeeveshu-ahluwalia,1
jeeya-sethi,1
jerus-dance-academy,1
jigrra,2
jishant-malik,3
jitendra-photography,1
jolly-das,1
jugni,1
junaid,1
kalari,1
kamal-heer,1
kanika-mann,1
kanika-srivastava,6
kankana-singh,1
karaoke-n-more,1
karishma-kotak,1
karishma-tanna,1
kartavya,1
karthik-kumar,2
karunesh-talwar,4
kashmira-shah,3
kenneth-sebastian,3
kimochi-youkai,1
kirtidan-gandhvi,1
kishore-dayani,2
kjeld-sreshth,1
knight-shades,4
kopal-bindra,3
krishan-techie,1
krishnendu-paul,2
kriti-sanon,3
kritinish-entertainment,1
krk,2
kshitij-mathur,2
kuldeep-m-pai,1
kulwinder-billa,1
kumar-satyamm,2
kumar-vishu,1
kunal-chaudhry,1
kunal-kamra,9
kushal-choksi,1
laachi-bawa-and-glory-bawa,1
lakhbir-singh-lakha,3
lamhe,2
laxmi-kumar,3
liz-brown,2
lost-stories,3
lovina-adnani,1
lubna-siddiqui,1
lumina-the-laser-violinist,2
maadhyam-the-band,1
made-in-india,1
mainam,11
makeup-by-vidya,1
makeuport,1
maladinesh,1
malangg,1
mame-khan,1
mandar-bhide,5
mandar-bhide,1
mani-and-band,1
manish-aka-x-fader,1
manish-tyagi,3
mankirt-aulakh,15
mannan-thakral,1
maria-237743,2
masala-coffee,6
master-saleem,1
mausiqaar,1
mayur,1
mayur-ruyam,1
mc-ahmed,1
mc-anunsya,1
mc-syed,1
mc-vishwas,1
meenu-mehendi-art,1
meghaa-sharma,1
mehak-kawatra,1
mentalist-ravinder-kumar,1
midival-punditz,1
milind-kapoor,1
millind-gaba,13
mindbass,1
mist,1
mj5,4
mohd-amir,1
mohini-dey,1
moksha-the-band,1
mona,3
moongphali,2
mubeen-saudagar,2
mukul-and-shenjit,2
murli-satagopan-standup-comic,2
muskanz-mehendi-mehfil,1
muzion,1
nachiket,2
nachlee-dance-academy,1
naina-khan,1
nakash-aziz,1
nalayak-the-band,3
nalin-vyas,1
napoleons-subwoofer,1
naranath,1
natasha-suri,1
natural-volume,1
naveen-richard,2
neeraj-kumar,1
neerav-hetawal,6
neeti-palta,9
neha-kakkar,4
niazi-nizami-brothers,1
nikhil-chinapa,1
niladri-kumar,1
nilanjanaa-jayant,1
nimish-dangre,1
nimrat-khaira,3
nina-and-malika,4
ninad-bhat,1
ninja,3
nishant-joke-singh,2
nishant-suri,3
nitin-mandal,9
nitish-bharti,1
nooran-sisters,1
nucleya,5
outliners,1
paarth,1
panchtarni,3
panic,2
pankaj-udhas,1
papon,1
parakhjeet-singh,2
parikrama,1
parvinder-singh-comedy,2
pavleen-gujral-136724,3
pawni-a-pandey,5
pehal-ahuja,1
percussionist-darpan-dua,1
perfect-equation,1
pineapple-riff,1
pooja-gaitonde,1
pooja-khatri,1
poonam-dhillon,1
prabh-gill,1
praneet-bhat,1
pranetra,1
pratap-batra,1
prathaa-khandekar,2
pratibha's-music,1
pratibha-sonhiya,1
pratyush-chaubey,1
preet-kamal,1
prince-dance-group,2
pritam,1
priya-dubey,1
priyanjana-goshal,1
priyanka-happan,1
priyanka-lahiri,1
priyanka-valecha---the-belly-dance-artist,1
prof-ash,2
progressive-brothers,6
r-ya,1
raagas-2-riches,1
radhika-apte,3
raftaar,2
rahil-khan,1
rahul-ghai,1
rahul-jain,3
rahul-jain-and-the-band,1
rahul-kharbanda,1
rahul-sharma,1
rahul-subramanian,1
rajasekhar-mamidanna,1
rajeev-raja,1
rajneesh-kapoor,1
ralfin-stephen,1
ranbir-kapoor,4
rangreza-the-band,1
ranjit-bawa,1
raqeeb,1
rasayana,1
rashmi-jain,1
ratnika-vyas,1
ravi-mehendi-art,1
ravi-shukla,1
reena-hebbar,1
rekha-bhardwaj,2
revolution,1
rinki-singhvi,1
rishabh-dev-violinist,1
rishi-roy,1
rituparna-sengupta,1
rj-shadab,1
rohan,1
rohan-kapoor,1
rohan-pant,1
rohini-maiti,1
rohit-thakur,3
rooh-music-for-the-soul,1
rumman-ahmed,1
rupali-jagga,3
rupam-islam,2
sabareesh-prabhaker,1
sagar-gupta-collectives,2
sahil-shah,1
samay,1
sana-khan,1
sanam,3
sand-kaushik,2
sandeep-gupta-photography,1
sandeep-wadhera,2
sandeepa-dhar,1
sangeeta-kapoor,1
sanjay-mandal-and-group,1
sara-gurpal,1
sartek,2
satinder-sartaaj,1
satva,1
saumya-shetty,1
sawan,1
scarlett-mellish-wilson,1
scorpians-dance-troupe,1
scyther-project,2
shadaj-the-band,4
shagun-trendsetters,1
shailesh,1
sharry-mann,6
shibani-dhandekar,1
shibani-kashyap,1
shilpa-raizada,1
shilpi-paul,1
shirley-setia,13
shiva-manvi,1
shivani-kulkarni,1
showcase,1
shraddha-bajaj,1
shraddha-pandit,1
shraey-khanna,1
shrirupa-sengupta,8
shruti-haasan,3
shruti-pathak,2
shubham-band,1
shubham-roy,1
shubham-surya,1
shweta-lalwani,4
shweta-venkatesh,1
siana-catherine,1
siddharth-banerjee,1
siddharth-slathia,4
siddharth-suresh,4
simple-truth,1
six-undercover,1
smita-bansal,2
smokey,1
sneha-suhas,1
snigdhajit-bhowmik,1
soham-mallick,1
solanki-nathu-lal,1
sonal-jain,1
sonal-singh,1
sonam-chhabra,1
sorabh-pant,2
spunk,1
sreya-jayadeep,1
srijan-kaushik,10
stanley-live,1
studio-4,1
subhreet-kaur-ghumman,1
subhro-j-ganguly,1
suchismita-das,2
sudesh-lehri,1
sugnan-dani,1
sukriti-and-prakriti-kakar,1
sultan-masood,1
sumit-anand,3
sumit-anand,5
sunidhi-chauhan,1
sunil-grover,2
sunny-leone,11
surbhi-chhabra,1
surender-sharma,1
surinder-shinda,1
suryaveer,1
swarbhoomi,10
tanay-malhara,1
tanglish-comedy,2
taqdeer,2
tarit-pal,1
tarkash,1
teri-miko,4
the-band-arpit,2
the-banjara-music-project,1
the-blue-soul,2
the-chala-mama-project,1
the-fiddle-and-the-keys,1
the-flute-mermaid,1
the-free-fall,1
the-glowdiators,1
the-local-train,6
the-lost-symbols,2
the-magik-script,1
the-music-maniacs-235514,2
the-musical-human-sarthak-dua,1
the-secret-mission,1
the-stagz,1
tidal-wave,1
timir-biswas-live,1
tmkc---teri-music-ki-chahat,1
trancemi,2
trishul,1
twin-jugglers,1
u-and-i-foundation,1
underground-authority,1
upasna-chelani,1
usha-sharma,2
uvie,1
v-ranjha,1
vague,1
vaibhav-sethia,1
vaibhav-verma,1
vandana-vadehra,1
vasu-primlani,1
veebha-anand,1
veshesh-the-percussionist?id_op=1bJoh,1
vicky-244506,1
vikas-jain,1
vikramjit-singh,1
vinay-menon,1
vipul-goyal,11
vishal-and-shekhar,2
vivaan,3
wadali-brothers,1
wedding-photosutra,1
west-webler,4
yaariyan-band,1
yatharth-sharma,1
yatin-arora,1
yuvraj-hans,5
zaeden,2
zakir-khan,37
zaroon,1
zeeshan-khan,2
zeeshan-shafee,1
zenith-dance-troupe,1
zephyrtone,3
